,0,1,2,3,4,5,6,7,8,9,10,11,12,13,14,15
0,https://www.musinsa.com/app/styles/views/30062?use_yn_360=&style_type=&brand=&model=&tag_no=&max_rt=&min_rt=&display_cnt=60&list_kind=big&sort=date&page=1,not shown,0,0,0,not shown,0,0,0,0,0,not shown,not shown,not shown,not shown,not shown
1,https://www.musinsa.com/app/styles/views/30059?use_yn_360=&style_type=&brand=&model=&tag_no=&max_rt=&min_rt=&display_cnt=60&list_kind=big&sort=date&page=1,not shown,not shown,0,0,0,0,0,0,not shown,0,not shown,not shown,not shown,not shown,0
2,https://www.musinsa.com/app/styles/views/30058?use_yn_360=&style_type=&brand=&model=&tag_no=&max_rt=&min_rt=&display_cnt=60&list_kind=big&sort=date&page=1,not shown,0,0,0,not shown,0,0,0,0,0,not shown,brown,not shown,not shown,not shown
3,https://www.musinsa.com/app/styles/views/30066?use_yn_360=&style_type=&brand=&model=&tag_no=&max_rt=&min_rt=&display_cnt=60&list_kind=big&sort=date&page=1,not shown,0,0,0,not shown,0,0,0,0,0,not shown,not shown,not shown,not shown,not shown
4,https://www.musinsa.com/app/styles/views/30065?use_yn_360=&style_type=&brand=&model=&tag_no=&max_rt=&min_rt=&display_cnt=60&list_kind=big&sort=date&page=1,not shown,0,0,0,not shown,0,0,0,0,0,not shown,not shown,not shown,not shown,not shown
5,https://www.musinsa.com/app/styles/views/30064?use_yn_360=&style_type=&brand=&model=&tag_no=&max_rt=&min_rt=&display_cnt=60&list_kind=big&sort=date&page=1,not shown,navy,0,0,0,0,0,0,0,0,not shown,grey,not shown,not shown,not shown
6,https://www.musinsa.com/app/styles/views/30063?use_yn_360=&style_type=&brand=&model=&tag_no=&max_rt=&min_rt=&display_cnt=60&list_kind=big&sort=date&page=1,not shown,0,0,0,0,0,0,0,0,0,not shown,not shown,not shown,not shown,not shown
7,https://www.musinsa.com/app/styles/views/30061?use_yn_360=&style_type=&brand=&model=&tag_no=&max_rt=&min_rt=&display_cnt=60&list_kind=big&sort=date&page=1,not shown,0,0,0,not shown,not shown,0,0,not shown,0,not shown,not shown,not shown,not shown,0
8,https://www.musinsa.com/app/styles/views/30060?use_yn_360=&style_type=&brand=&model=&tag_no=&max_rt=&min_rt=&display_cnt=60&list_kind=big&sort=date&page=1,mint,0,0,0,not shown,0,0,0,0,0,not shown,not shown,not shown,beige,not shown
9,https://www.musinsa.com/app/styles/views/30057?use_yn_360=&style_type=&brand=&model=&tag_no=&max_rt=&min_rt=&display_cnt=60&list_kind=big&sort=date&page=1,not shown,0,0,0,not shown,0,0,0,not shown,0,not shown,not shown,not shown,0,0
10,https://www.musinsa.com/app/styles/views/30056?use_yn_360=&style_type=&brand=&model=&tag_no=&max_rt=&min_rt=&display_cnt=60&list_kind=big&sort=date&page=1,not shown,0,0,0,not shown,0,0,0,0,0,not shown,not shown,not shown,not shown,not shown
11,https://www.musinsa.com/app/styles/views/30055?use_yn_360=&style_type=&brand=&model=&tag_no=&max_rt=&min_rt=&display_cnt=60&list_kind=big&sort=date&page=1,not shown,0,0,0,not shown,0,0,0,0,0,0,not shown,not shown,grey,0
12,https://www.musinsa.com/app/styles/views/30054?use_yn_360=&style_type=&brand=&model=&tag_no=&max_rt=&min_rt=&display_cnt=60&list_kind=big&sort=date&page=1,beige,pupple,0,0,0,0,0,0,0,0,not shown,not shown,not shown,not shown,not shown
13,https://www.musinsa.com/app/styles/views/30053?use_yn_360=&style_type=&brand=&model=&tag_no=&max_rt=&min_rt=&display_cnt=60&list_kind=big&sort=date&page=1,not shown,0,0,0,not shown,brown,0,0,not shown,0,not shown,not shown,not shown,not shown,0
14,https://www.musinsa.com/app/styles/views/30052?use_yn_360=&style_type=&brand=&model=&tag_no=&max_rt=&min_rt=&display_cnt=60&list_kind=big&sort=date&page=1,not shown,0,0,0,not shown,0,0,0,not shown,0,brown,not shown,not shown,not shown,not shown
15,https://www.musinsa.com/app/styles/views/30051?use_yn_360=&style_type=&brand=&model=&tag_no=&max_rt=&min_rt=&display_cnt=60&list_kind=big&sort=date&page=1,not shown,0,0,0,not shown,navy,0,0,not shown,0,grey,not shown,not shown,0,0
16,https://www.musinsa.com/app/styles/views/30050?use_yn_360=&style_type=&brand=&model=&tag_no=&max_rt=&min_rt=&display_cnt=60&list_kind=big&sort=date&page=1,not shown,not shown,0,0,not shown,0,0,0,0,0,not shown,not shown,not shown,not shown,not shown
17,https://www.musinsa.com/app/styles/views/30049?use_yn_360=&style_type=&brand=&model=&tag_no=&max_rt=&min_rt=&display_cnt=60&list_kind=big&sort=date&page=1,not shown,not shown,0,0,not shown,0,0,0,0,0,not shown,not shown,not shown,not shown,0
18,https://www.musinsa.com/app/styles/views/30048?use_yn_360=&style_type=&brand=&model=&tag_no=&max_rt=&min_rt=&display_cnt=60&list_kind=big&sort=date&page=1,mint,0,0,0,not shown,0,0,0,mint,0,not shown,not shown,not shown,0,0
19,https://www.musinsa.com/app/styles/views/30047?use_yn_360=&style_type=&brand=&model=&tag_no=&max_rt=&min_rt=&display_cnt=60&list_kind=big&sort=date&page=1,not shown,not shown,0,0,not shown,0,0,0,0,0,not shown,beige,navy,0,0
20,https://www.musinsa.com/app/styles/views/30081?use_yn_360=&style_type=&brand=&model=&tag_no=&max_rt=&min_rt=&display_cnt=60&list_kind=big&sort=date&page=1,not shown,0,0,0,not shown,0,0,0,not shown,0,not shown,not shown,not shown,0,0
21,https://www.musinsa.com/app/styles/views/30080?use_yn_360=&style_type=&brand=&model=&tag_no=&max_rt=&min_rt=&display_cnt=60&list_kind=big&sort=date&page=1,not shown,not shown,0,0,not shown,0,0,0,not shown,0,not shown,0,0,0,0
22,https://www.musinsa.com/app/styles/views/30079?use_yn_360=&style_type=&brand=&model=&tag_no=&max_rt=&min_rt=&display_cnt=60&list_kind=big&sort=date&page=1,beige,0,0,0,not shown,0,0,0,not shown,0,not shown,not shown,not shown,0,0
23,https://www.musinsa.com/app/styles/views/30078?use_yn_360=&style_type=&brand=&model=&tag_no=&max_rt=&min_rt=&display_cnt=60&list_kind=big&sort=date&page=1,not shown,not shown,0,0,0,0,0,0,not shown,0,not shown,not shown,0,0,0
24,https://www.musinsa.com/app/styles/views/30077?use_yn_360=&style_type=&brand=&model=&tag_no=&max_rt=&min_rt=&display_cnt=60&list_kind=big&sort=date&page=1,not shown,0,0,0,not shown,0,0,0,not shown,0,not shown,not shown,not shown,not shown,0
25,https://www.musinsa.com/app/styles/views/30076?use_yn_360=&style_type=&brand=&model=&tag_no=&max_rt=&min_rt=&display_cnt=60&list_kind=big&sort=date&page=1,not shown,0,0,0,not shown,0,0,0,brown,0,not shown,not shown,not shown,not shown,0
26,https://www.musinsa.com/app/styles/views/30075?use_yn_360=&style_type=&brand=&model=&tag_no=&max_rt=&min_rt=&display_cnt=60&list_kind=big&sort=date&page=1,brown,not shown,navy,0,0,0,0,0,not shown,0,brown,grey,not shown,0,0
27,https://www.musinsa.com/app/styles/views/30074?use_yn_360=&style_type=&brand=&model=&tag_no=&max_rt=&min_rt=&display_cnt=60&list_kind=big&sort=date&page=1,navy,0,0,0,not shown,not shown,0,0,not shown,0,not shown,not shown,0,0,0
28,https://www.musinsa.com/app/styles/views/30073?use_yn_360=&style_type=&brand=&model=&tag_no=&max_rt=&min_rt=&display_cnt=60&list_kind=big&sort=date&page=1,not shown,not shown,not shown,0,not shown,0,0,0,not shown,0,not shown,brown,0,0,0
29,https://www.musinsa.com/app/styles/views/30072?use_yn_360=&style_type=&brand=&model=&tag_no=&max_rt=&min_rt=&display_cnt=60&list_kind=big&sort=date&page=1,not shown,0,0,0,not shown,0,0,0,not shown,0,not shown,grey,navy,not shown,0
30,https://www.musinsa.com/app/styles/views/30071?use_yn_360=&style_type=&brand=&model=&tag_no=&max_rt=&min_rt=&display_cnt=60&list_kind=big&sort=date&page=1,not shown,0,0,0,not shown,0,0,0,not shown,0,not shown,not shown,not shown,0,0
31,https://www.musinsa.com/app/styles/views/30070?use_yn_360=&style_type=&brand=&model=&tag_no=&max_rt=&min_rt=&display_cnt=60&list_kind=big&sort=date&page=1,not shown,0,0,0,not shown,not shown,0,0,not shown,0,not shown,not shown,not shown,not shown,0
32,https://www.musinsa.com/app/styles/views/30069?use_yn_360=&style_type=&brand=&model=&tag_no=&max_rt=&min_rt=&display_cnt=60&list_kind=big&sort=date&page=1,not shown,not shown,0,0,not shown,0,0,0,not shown,0,grey,not shown,0,0,0
33,https://www.musinsa.com/app/styles/views/30068?use_yn_360=&style_type=&brand=&model=&tag_no=&max_rt=&min_rt=&display_cnt=60&list_kind=big&sort=date&page=1,not shown,0,0,0,not shown,not shown,0,0,not shown,0,not shown,not shown,cream,0,0
34,https://www.musinsa.com/app/styles/views/30067?use_yn_360=&style_type=&brand=&model=&tag_no=&max_rt=&min_rt=&display_cnt=60&list_kind=big&sort=date&page=1,beige,0,0,0,not shown,0,0,0,not shown,0,not shown,not shown,0,0,0
35,https://www.musinsa.com/app/styles/views/30046?use_yn_360=&style_type=&brand=&model=&tag_no=&max_rt=&min_rt=&display_cnt=60&list_kind=big&sort=date&page=1,not shown,0,0,0,not shown,0,0,0,not shown,0,not shown,not shown,grey,0,0
36,https://www.musinsa.com/app/styles/views/30045?use_yn_360=&style_type=&brand=&model=&tag_no=&max_rt=&min_rt=&display_cnt=60&list_kind=big&sort=date&page=1,grey,not shown,0,0,0,0,0,0,not shown,0,not shown,not shown,not shown,0,0
37,https://www.musinsa.com/app/styles/views/30044?use_yn_360=&style_type=&brand=&model=&tag_no=&max_rt=&min_rt=&display_cnt=60&list_kind=big&sort=date&page=1,not shown,0,0,0,0,0,0,0,not shown,0,not shown,not shown,not shown,0,0
38,https://www.musinsa.com/app/styles/views/30043?use_yn_360=&style_type=&brand=&model=&tag_no=&max_rt=&min_rt=&display_cnt=60&list_kind=big&sort=date&page=1,not shown,not shown,0,0,not shown,0,0,0,not shown,0,not shown,not shown,not shown,0,0
39,https://www.musinsa.com/app/styles/views/30042?use_yn_360=&style_type=&brand=&model=&tag_no=&max_rt=&min_rt=&display_cnt=60&list_kind=big&sort=date&page=1,not shown,not shown,0,0,0,0,0,0,not shown,0,not shown,not shown,not shown,not shown,not shown
40,https://www.musinsa.com/app/styles/views/30041?use_yn_360=&style_type=&brand=&model=&tag_no=&max_rt=&min_rt=&display_cnt=60&list_kind=big&sort=date&page=1,not shown,0,0,0,grey,0,0,0,not shown,0,not shown,brown,not shown,not shown,0
41,https://www.musinsa.com/app/styles/views/30040?use_yn_360=&style_type=&brand=&model=&tag_no=&max_rt=&min_rt=&display_cnt=60&list_kind=big&sort=date&page=1,not shown,0,0,0,not shown,0,0,0,0,0,not shown,not shown,not shown,not shown,not shown
42,https://www.musinsa.com/app/styles/views/30039?use_yn_360=&style_type=&brand=&model=&tag_no=&max_rt=&min_rt=&display_cnt=60&list_kind=big&sort=date&page=1,navy,0,0,0,not shown,not shown,0,0,not shown,0,0,not shown,not shown,0,0
43,https://www.musinsa.com/app/styles/views/30038?use_yn_360=&style_type=&brand=&model=&tag_no=&max_rt=&min_rt=&display_cnt=60&list_kind=big&sort=date&page=1,not shown,0,0,0,not shown,not shown,0,0,not shown,0,not shown,not shown,not shown,0,0
44,https://www.musinsa.com/app/styles/views/30037?use_yn_360=&style_type=&brand=&model=&tag_no=&max_rt=&min_rt=&display_cnt=60&list_kind=big&sort=date&page=1,grey,0,0,0,not shown,not shown,0,0,navy,0,not shown,not shown,not shown,0,0
45,https://www.musinsa.com/app/styles/views/30036?use_yn_360=&style_type=&brand=&model=&tag_no=&max_rt=&min_rt=&display_cnt=60&list_kind=big&sort=date&page=1,not shown,not shown,not shown,0,0,0,0,0,beige,0,not shown,not shown,not shown,not shown,0
46,https://www.musinsa.com/app/styles/views/30035?use_yn_360=&style_type=&brand=&model=&tag_no=&max_rt=&min_rt=&display_cnt=60&list_kind=big&sort=date&page=1,not shown,not shown,0,0,not shown,0,0,0,not shown,0,not shown,not shown,not shown,0,0
47,https://www.musinsa.com/app/styles/views/30034?use_yn_360=&style_type=&brand=&model=&tag_no=&max_rt=&min_rt=&display_cnt=60&list_kind=big&sort=date&page=1,not shown,0,0,0,not shown,0,0,0,not shown,0,not shown,not shown,not shown,not shown,0
48,https://www.musinsa.com/app/styles/views/30033?use_yn_360=&style_type=&brand=&model=&tag_no=&max_rt=&min_rt=&display_cnt=60&list_kind=big&sort=date&page=1,not shown,0,0,0,not shown,0,0,0,not shown,0,not shown,not shown,not shown,grey,0
49,https://www.musinsa.com/app/styles/views/30032?use_yn_360=&style_type=&brand=&model=&tag_no=&max_rt=&min_rt=&display_cnt=60&list_kind=big&sort=date&page=1,not shown,not shown,0,0,not shown,0,0,0,grey,0,not shown,not shown,grey,0,0
50,https://www.musinsa.com/app/styles/views/30031?use_yn_360=&style_type=&brand=&model=&tag_no=&max_rt=&min_rt=&display_cnt=60&list_kind=big&sort=date&page=1,not shown,not shown,0,0,0,0,0,0,0,0,not shown,not shown,not shown,grey,0
51,https://www.musinsa.com/app/styles/views/30030?use_yn_360=&style_type=&brand=&model=&tag_no=&max_rt=&min_rt=&display_cnt=60&list_kind=big&sort=date&page=1,not shown,0,0,0,not shown,0,0,0,0,0,not shown,not shown,not shown,not shown,0
52,https://www.musinsa.com/app/styles/views/30029?use_yn_360=&style_type=&brand=&model=&tag_no=&max_rt=&min_rt=&display_cnt=60&list_kind=big&sort=date&page=1,navy,0,0,0,not shown,not shown,0,0,not shown,0,not shown,not shown,not shown,not shown,not shown
53,https://www.musinsa.com/app/styles/views/30028?use_yn_360=&style_type=&brand=&model=&tag_no=&max_rt=&min_rt=&display_cnt=60&list_kind=big&sort=date&page=1,not shown,0,0,0,not shown,0,0,0,0,0,not shown,not shown,cream,not shown,0
54,https://www.musinsa.com/app/styles/views/30027?use_yn_360=&style_type=&brand=&model=&tag_no=&max_rt=&min_rt=&display_cnt=60&list_kind=big&sort=date&page=1,0,0,0,0,not shown,0,0,0,0,0,0,not shown,not shown,not shown,not shown
55,https://www.musinsa.com/app/styles/views/30026?use_yn_360=&style_type=&brand=&model=&tag_no=&max_rt=&min_rt=&display_cnt=60&list_kind=big&sort=date&page=1,0,0,0,0,not shown,0,0,0,0,0,0,not shown,not shown,not shown,not shown
56,https://www.musinsa.com/app/styles/views/30025?use_yn_360=&style_type=&brand=&model=&tag_no=&max_rt=&min_rt=&display_cnt=60&list_kind=big&sort=date&page=1,not shown,0,0,0,0,0,0,0,0,0,0,not shown,not shown,not shown,not shown
57,https://www.musinsa.com/app/styles/views/29994?use_yn_360=&style_type=&brand=&model=&tag_no=&max_rt=&min_rt=&display_cnt=60&list_kind=big&sort=date&page=1,not shown,not shown,0,0,0,0,0,0,not shown,0,not shown,not shown,not shown,0,0
58,https://www.musinsa.com/app/styles/views/29993?use_yn_360=&style_type=&brand=&model=&tag_no=&max_rt=&min_rt=&display_cnt=60&list_kind=big&sort=date&page=1,not shown,0,0,0,cream,0,0,0,cream,0,not shown,not shown,0,0,0
59,https://www.musinsa.com/app/styles/views/29992?use_yn_360=&style_type=&brand=&model=&tag_no=&max_rt=&min_rt=&display_cnt=60&list_kind=big&sort=date&page=1,navy,0,0,0,not shown,not shown,0,0,brown,0,brown,navy,0,0,0
60,https://www.musinsa.com/app/styles/views/29991?use_yn_360=&style_type=&brand=&model=&tag_no=&max_rt=&min_rt=&display_cnt=60&list_kind=big&sort=date&page=2,not shown,not shown,0,0,not shown,0,0,0,not shown,0,not shown,not shown,0,0,0
61,https://www.musinsa.com/app/styles/views/29990?use_yn_360=&style_type=&brand=&model=&tag_no=&max_rt=&min_rt=&display_cnt=60&list_kind=big&sort=date&page=2,not shown,0,0,0,not shown,0,0,0,not shown,0,grey,not shown,not shown,not shown,0
62,https://www.musinsa.com/app/styles/views/29989?use_yn_360=&style_type=&brand=&model=&tag_no=&max_rt=&min_rt=&display_cnt=60&list_kind=big&sort=date&page=2,not shown,0,0,0,not shown,0,0,0,not shown,0,not shown,not shown,not shown,not shown,0
63,https://www.musinsa.com/app/styles/views/29988?use_yn_360=&style_type=&brand=&model=&tag_no=&max_rt=&min_rt=&display_cnt=60&list_kind=big&sort=date&page=2,not shown,not shown,0,0,0,0,0,0,not shown,0,not shown,not shown,not shown,0,0
64,https://www.musinsa.com/app/styles/views/29987?use_yn_360=&style_type=&brand=&model=&tag_no=&max_rt=&min_rt=&display_cnt=60&list_kind=big&sort=date&page=2,not shown,0,0,0,not shown,0,0,0,not shown,0,not shown,not shown,not shown,0,0
65,https://www.musinsa.com/app/styles/views/29986?use_yn_360=&style_type=&brand=&model=&tag_no=&max_rt=&min_rt=&display_cnt=60&list_kind=big&sort=date&page=2,not shown,0,0,0,not shown,not shown,0,0,not shown,0,grey,not shown,not shown,0,0
66,https://www.musinsa.com/app/styles/views/29985?use_yn_360=&style_type=&brand=&model=&tag_no=&max_rt=&min_rt=&display_cnt=60&list_kind=big&sort=date&page=2,not shown,0,0,0,not shown,0,0,0,not shown,0,not shown,not shown,not shown,not shown,0
67,https://www.musinsa.com/app/styles/views/29984?use_yn_360=&style_type=&brand=&model=&tag_no=&max_rt=&min_rt=&display_cnt=60&list_kind=big&sort=date&page=2,not shown,not shown,0,0,0,0,0,0,not shown,0,not shown,not shown,not shown,not shown,0
68,https://www.musinsa.com/app/styles/views/29983?use_yn_360=&style_type=&brand=&model=&tag_no=&max_rt=&min_rt=&display_cnt=60&list_kind=big&sort=date&page=2,not shown,0,0,0,not shown,not shown,0,0,not shown,0,brown,not shown,not shown,0,0
69,https://www.musinsa.com/app/styles/views/29982?use_yn_360=&style_type=&brand=&model=&tag_no=&max_rt=&min_rt=&display_cnt=60&list_kind=big&sort=date&page=2,brown,0,0,0,not shown,0,0,0,not shown,0,not shown,not shown,not shown,not shown,0
70,https://www.musinsa.com/app/styles/views/29981?use_yn_360=&style_type=&brand=&model=&tag_no=&max_rt=&min_rt=&display_cnt=60&list_kind=big&sort=date&page=2,not shown,0,0,0,not shown,0,0,0,not shown,0,not shown,not shown,not shown,grey,0
71,https://www.musinsa.com/app/styles/views/29980?use_yn_360=&style_type=&brand=&model=&tag_no=&max_rt=&min_rt=&display_cnt=60&list_kind=big&sort=date&page=2,navy,0,0,0,not shown,not shown,0,0,not shown,0,not shown,not shown,not shown,0,0
72,https://www.musinsa.com/app/styles/views/29979?use_yn_360=&style_type=&brand=&model=&tag_no=&max_rt=&min_rt=&display_cnt=60&list_kind=big&sort=date&page=2,not shown,0,0,0,not shown,0,0,0,not shown,0,not shown,not shown,not shown,0,0
73,https://www.musinsa.com/app/styles/views/29978?use_yn_360=&style_type=&brand=&model=&tag_no=&max_rt=&min_rt=&display_cnt=60&list_kind=big&sort=date&page=2,not shown,not shown,0,0,not shown,0,0,0,pupple,0,not shown,not shown,not shown,cream,0
74,https://www.musinsa.com/app/styles/views/29977?use_yn_360=&style_type=&brand=&model=&tag_no=&max_rt=&min_rt=&display_cnt=60&list_kind=big&sort=date&page=2,not shown,not shown,0,0,not shown,0,0,0,not shown,0,not shown,not shown,not shown,0,0
75,https://www.musinsa.com/app/styles/views/29976?use_yn_360=&style_type=&brand=&model=&tag_no=&max_rt=&min_rt=&display_cnt=60&list_kind=big&sort=date&page=2,not shown,not shown,0,0,not shown,0,0,0,not shown,0,not shown,not shown,not shown,not shown,0
76,https://www.musinsa.com/app/styles/views/29975?use_yn_360=&style_type=&brand=&model=&tag_no=&max_rt=&min_rt=&display_cnt=60&list_kind=big&sort=date&page=2,navy,0,0,0,not shown,not shown,0,0,not shown,0,0,not shown,not shown,0,0
77,https://www.musinsa.com/app/styles/views/29469?use_yn_360=&style_type=&brand=&model=&tag_no=&max_rt=&min_rt=&display_cnt=60&list_kind=big&sort=date&page=2,not shown,0,0,0,not shown,0,0,0,0,0,not shown,not shown,not shown,not shown,not shown
78,https://www.musinsa.com/app/styles/views/29349?use_yn_360=&style_type=&brand=&model=&tag_no=&max_rt=&min_rt=&display_cnt=60&list_kind=big&sort=date&page=2,not shown,not shown,0,0,0,0,0,0,0,0,not shown,not shown,not shown,not shown,not shown
79,https://www.musinsa.com/app/styles/views/29308?use_yn_360=&style_type=&brand=&model=&tag_no=&max_rt=&min_rt=&display_cnt=60&list_kind=big&sort=date&page=2,not shown,0,0,0,not shown,not shown,0,0,not shown,0,not shown,not shown,not shown,brown,0
80,https://www.musinsa.com/app/styles/views/29262?use_yn_360=&style_type=&brand=&model=&tag_no=&max_rt=&min_rt=&display_cnt=60&list_kind=big&sort=date&page=2,grey,0,0,0,not shown,0,0,0,0,0,not shown,not shown,not shown,not shown,0
81,https://www.musinsa.com/app/styles/views/29242?use_yn_360=&style_type=&brand=&model=&tag_no=&max_rt=&min_rt=&display_cnt=60&list_kind=big&sort=date&page=2,not shown,0,0,0,not shown,0,0,0,0,0,navy,not shown,not shown,0,0
82,https://www.musinsa.com/app/styles/views/29222?use_yn_360=&style_type=&brand=&model=&tag_no=&max_rt=&min_rt=&display_cnt=60&list_kind=big&sort=date&page=2,not shown,not shown,0,0,not shown,0,0,0,0,0,not shown,navy,not shown,0,0
83,https://www.musinsa.com/app/styles/views/29202?use_yn_360=&style_type=&brand=&model=&tag_no=&max_rt=&min_rt=&display_cnt=60&list_kind=big&sort=date&page=2,not shown,0,0,0,navy,0,0,0,navy,0,not shown,not shown,0,0,0
84,https://www.musinsa.com/app/styles/views/29163?use_yn_360=&style_type=&brand=&model=&tag_no=&max_rt=&min_rt=&display_cnt=60&list_kind=big&sort=date&page=2,not shown,0,0,0,not shown,0,0,0,0,0,not shown,navy,not shown,not shown,0
85,https://www.musinsa.com/app/styles/views/29162?use_yn_360=&style_type=&brand=&model=&tag_no=&max_rt=&min_rt=&display_cnt=60&list_kind=big&sort=date&page=2,navy,0,0,0,not shown,grey,0,0,not shown,0,not shown,not shown,not shown,not shown,0
86,https://www.musinsa.com/app/styles/views/29161?use_yn_360=&style_type=&brand=&model=&tag_no=&max_rt=&min_rt=&display_cnt=60&list_kind=big&sort=date&page=2,not shown,0,0,0,0,0,0,0,0,0,navy,not shown,not shown,not shown,0
87,https://www.musinsa.com/app/styles/views/29097?use_yn_360=&style_type=&brand=&model=&tag_no=&max_rt=&min_rt=&display_cnt=60&list_kind=big&sort=date&page=2,brown,0,0,0,not shown,0,0,0,0,0,not shown,not shown,not shown,not shown,0
88,https://www.musinsa.com/app/styles/views/29034?use_yn_360=&style_type=&brand=&model=&tag_no=&max_rt=&min_rt=&display_cnt=60&list_kind=big&sort=date&page=2,not shown,not shown,0,0,0,0,0,0,0,0,not shown,navy,not shown,not shown,not shown
89,https://www.musinsa.com/app/styles/views/29033?use_yn_360=&style_type=&brand=&model=&tag_no=&max_rt=&min_rt=&display_cnt=60&list_kind=big&sort=date&page=2,not shown,0,0,0,0,0,0,0,0,0,navy,not shown,not shown,not shown,not shown
90,https://www.musinsa.com/app/styles/views/28994?use_yn_360=&style_type=&brand=&model=&tag_no=&max_rt=&min_rt=&display_cnt=60&list_kind=big&sort=date&page=2,not shown,0,0,0,not shown,0,0,0,not shown,0,not shown,not shown,not shown,not shown,not shown
91,https://www.musinsa.com/app/styles/views/28993?use_yn_360=&style_type=&brand=&model=&tag_no=&max_rt=&min_rt=&display_cnt=60&list_kind=big&sort=date&page=2,not shown,0,0,0,not shown,0,0,0,not shown,0,navy,not shown,not shown,not shown,0
92,https://www.musinsa.com/app/styles/views/28973?use_yn_360=&style_type=&brand=&model=&tag_no=&max_rt=&min_rt=&display_cnt=60&list_kind=big&sort=date&page=2,0,0,0,0,not shown,0,0,0,not shown,0,not shown,not shown,not shown,not shown,not shown
93,https://www.musinsa.com/app/styles/views/28964?use_yn_360=&style_type=&brand=&model=&tag_no=&max_rt=&min_rt=&display_cnt=60&list_kind=big&sort=date&page=2,beige,0,0,0,not shown,0,0,0,0,0,0,not shown,not shown,not shown,not shown
94,https://www.musinsa.com/app/styles/views/28860?use_yn_360=&style_type=&brand=&model=&tag_no=&max_rt=&min_rt=&display_cnt=60&list_kind=big&sort=date&page=2,navy,0,0,0,0,0,0,0,not shown,0,not shown,not shown,not shown,0,0
95,https://www.musinsa.com/app/styles/views/28796?use_yn_360=&style_type=&brand=&model=&tag_no=&max_rt=&min_rt=&display_cnt=60&list_kind=big&sort=date&page=2,0,0,0,0,not shown,0,0,0,0,0,0,not shown,not shown,not shown,not shown
96,https://www.musinsa.com/app/styles/views/29974?use_yn_360=&style_type=&brand=&model=&tag_no=&max_rt=&min_rt=&display_cnt=60&list_kind=big&sort=date&page=2,not shown,0,0,0,brown,0,0,0,0,0,brown,not shown,not shown,not shown,not shown
97,https://www.musinsa.com/app/styles/views/29973?use_yn_360=&style_type=&brand=&model=&tag_no=&max_rt=&min_rt=&display_cnt=60&list_kind=big&sort=date&page=2,brown,not shown,0,0,not shown,0,0,0,not shown,0,not shown,not shown,not shown,not shown,brown
98,https://www.musinsa.com/app/styles/views/29972?use_yn_360=&style_type=&brand=&model=&tag_no=&max_rt=&min_rt=&display_cnt=60&list_kind=big&sort=date&page=2,not shown,0,0,0,not shown,0,0,0,0,0,not shown,not shown,not shown,not shown,not shown
99,https://www.musinsa.com/app/styles/views/29971?use_yn_360=&style_type=&brand=&model=&tag_no=&max_rt=&min_rt=&display_cnt=60&list_kind=big&sort=date&page=2,not shown,0,0,0,not shown,0,0,0,navy,0,not shown,not shown,not shown,0,0
100,https://www.musinsa.com/app/styles/views/29970?use_yn_360=&style_type=&brand=&model=&tag_no=&max_rt=&min_rt=&display_cnt=60&list_kind=big&sort=date&page=2,beige,0,0,0,not shown,not shown,0,0,not shown,0,not shown,not shown,beige,0,0
101,https://www.musinsa.com/app/styles/views/30014?use_yn_360=&style_type=&brand=&model=&tag_no=&max_rt=&min_rt=&display_cnt=60&list_kind=big&sort=date&page=2,beige,0,0,0,not shown,not shown,0,0,0,0,not shown,brown,navy,not shown,beige
102,https://www.musinsa.com/app/styles/views/30013?use_yn_360=&style_type=&brand=&model=&tag_no=&max_rt=&min_rt=&display_cnt=60&list_kind=big&sort=date&page=2,not shown,0,0,0,not shown,not shown,0,0,not shown,0,not shown,not shown,not shown,not shown,0
103,https://www.musinsa.com/app/styles/views/30012?use_yn_360=&style_type=&brand=&model=&tag_no=&max_rt=&min_rt=&display_cnt=60&list_kind=big&sort=date&page=2,not shown,0,0,0,not shown,0,0,0,0,0,not shown,brown,not shown,not shown,not shown
104,https://www.musinsa.com/app/styles/views/30011?use_yn_360=&style_type=&brand=&model=&tag_no=&max_rt=&min_rt=&display_cnt=60&list_kind=big&sort=date&page=2,not shown,0,0,0,grey,0,0,0,not shown,0,not shown,navy,not shown,grey,0
105,https://www.musinsa.com/app/styles/views/30010?use_yn_360=&style_type=&brand=&model=&tag_no=&max_rt=&min_rt=&display_cnt=60&list_kind=big&sort=date&page=2,not shown,0,0,0,0,0,0,0,not shown,0,not shown,brown,not shown,0,0
106,https://www.musinsa.com/app/styles/views/30009?use_yn_360=&style_type=&brand=&model=&tag_no=&max_rt=&min_rt=&display_cnt=60&list_kind=big&sort=date&page=2,not shown,0,0,0,not shown,not shown,0,0,0,0,not shown,not shown,not shown,not shown,not shown
107,https://www.musinsa.com/app/styles/views/30008?use_yn_360=&style_type=&brand=&model=&tag_no=&max_rt=&min_rt=&display_cnt=60&list_kind=big&sort=date&page=2,not shown,0,0,0,grey,not shown,0,0,not shown,0,not shown,not shown,not shown,not shown,not shown
108,https://www.musinsa.com/app/styles/views/30007?use_yn_360=&style_type=&brand=&model=&tag_no=&max_rt=&min_rt=&display_cnt=60&list_kind=big&sort=date&page=2,not shown,0,0,0,grey,0,0,0,0,0,grey,not shown,not shown,not shown,not shown
109,https://www.musinsa.com/app/styles/views/30006?use_yn_360=&style_type=&brand=&model=&tag_no=&max_rt=&min_rt=&display_cnt=60&list_kind=big&sort=date&page=2,not shown,0,0,0,not shown,0,0,0,0,0,0,not shown,not shown,not shown,0
110,https://www.musinsa.com/app/styles/views/30005?use_yn_360=&style_type=&brand=&model=&tag_no=&max_rt=&min_rt=&display_cnt=60&list_kind=big&sort=date&page=2,not shown,not shown,0,0,not shown,0,0,0,0,0,not shown,not shown,not shown,not shown,not shown
111,https://www.musinsa.com/app/styles/views/30004?use_yn_360=&style_type=&brand=&model=&tag_no=&max_rt=&min_rt=&display_cnt=60&list_kind=big&sort=date&page=2,not shown,0,0,0,not shown,0,0,0,0,0,not shown,not shown,not shown,not shown,not shown
112,https://www.musinsa.com/app/styles/views/30003?use_yn_360=&style_type=&brand=&model=&tag_no=&max_rt=&min_rt=&display_cnt=60&list_kind=big&sort=date&page=2,not shown,0,0,0,not shown,0,0,0,not shown,0,not shown,not shown,not shown,not shown,not shown
113,https://www.musinsa.com/app/styles/views/30002?use_yn_360=&style_type=&brand=&model=&tag_no=&max_rt=&min_rt=&display_cnt=60&list_kind=big&sort=date&page=2,not shown,not shown,0,0,not shown,0,0,0,0,0,not shown,brown,not shown,not shown,not shown
114,https://www.musinsa.com/app/styles/views/30001?use_yn_360=&style_type=&brand=&model=&tag_no=&max_rt=&min_rt=&display_cnt=60&list_kind=big&sort=date&page=2,not shown,navy,0,0,not shown,0,0,0,0,0,0,beige,not shown,not shown,not shown
115,https://www.musinsa.com/app/styles/views/30000?use_yn_360=&style_type=&brand=&model=&tag_no=&max_rt=&min_rt=&display_cnt=60&list_kind=big&sort=date&page=2,not shown,not shown,0,0,0,0,0,0,not shown,0,not shown,not shown,not shown,not shown,0
116,https://www.musinsa.com/app/styles/views/29999?use_yn_360=&style_type=&brand=&model=&tag_no=&max_rt=&min_rt=&display_cnt=60&list_kind=big&sort=date&page=2,beige,navy,0,0,not shown,0,0,0,0,0,not shown,not shown,not shown,not shown,not shown
117,https://www.musinsa.com/app/styles/views/29998?use_yn_360=&style_type=&brand=&model=&tag_no=&max_rt=&min_rt=&display_cnt=60&list_kind=big&sort=date&page=2,not shown,0,0,0,not shown,0,0,0,0,0,not shown,not shown,not shown,not shown,not shown
118,https://www.musinsa.com/app/styles/views/29997?use_yn_360=&style_type=&brand=&model=&tag_no=&max_rt=&min_rt=&display_cnt=60&list_kind=big&sort=date&page=2,not shown,0,0,0,not shown,0,0,0,0,0,not shown,not shown,not shown,not shown,not shown
119,https://www.musinsa.com/app/styles/views/29996?use_yn_360=&style_type=&brand=&model=&tag_no=&max_rt=&min_rt=&display_cnt=60&list_kind=big&sort=date&page=2,not shown,0,0,0,not shown,0,0,0,pupple,0,not shown,not shown,not shown,0,0
120,https://www.musinsa.com/app/styles/views/29995?use_yn_360=&style_type=&brand=&model=&tag_no=&max_rt=&min_rt=&display_cnt=60&list_kind=big&sort=date&page=3,not shown,0,0,0,not shown,0,0,0,0,0,not shown,not shown,not shown,0,0
121,https://www.musinsa.com/app/styles/views/29969?use_yn_360=&style_type=&brand=&model=&tag_no=&max_rt=&min_rt=&display_cnt=60&list_kind=big&sort=date&page=3,beige,0,0,0,not shown,0,0,0,0,0,not shown,not shown,not shown,not shown,not shown
122,https://www.musinsa.com/app/styles/views/29968?use_yn_360=&style_type=&brand=&model=&tag_no=&max_rt=&min_rt=&display_cnt=60&list_kind=big&sort=date&page=3,navy,0,0,0,grey,not shown,0,0,not shown,0,not shown,not shown,not shown,0,0
123,https://www.musinsa.com/app/styles/views/29967?use_yn_360=&style_type=&brand=&model=&tag_no=&max_rt=&min_rt=&display_cnt=60&list_kind=big&sort=date&page=3,not shown,0,0,0,not shown,0,0,0,0,0,not shown,not shown,not shown,not shown,0
124,https://www.musinsa.com/app/styles/views/29966?use_yn_360=&style_type=&brand=&model=&tag_no=&max_rt=&min_rt=&display_cnt=60&list_kind=big&sort=date&page=3,not shown,0,0,0,not shown,not shown,0,0,0,0,not shown,not shown,not shown,not shown,0
125,https://www.musinsa.com/app/styles/views/29965?use_yn_360=&style_type=&brand=&model=&tag_no=&max_rt=&min_rt=&display_cnt=60&list_kind=big&sort=date&page=3,not shown,0,0,0,0,0,0,0,0,0,not shown,not shown,not shown,cream,not shown
126,https://www.musinsa.com/app/styles/views/29964?use_yn_360=&style_type=&brand=&model=&tag_no=&max_rt=&min_rt=&display_cnt=60&list_kind=big&sort=date&page=3,not shown,navy,0,0,not shown,0,0,0,0,0,not shown,not shown,not shown,not shown,not shown
127,https://www.musinsa.com/app/styles/views/29963?use_yn_360=&style_type=&brand=&model=&tag_no=&max_rt=&min_rt=&display_cnt=60&list_kind=big&sort=date&page=3,not shown,not shown,0,0,not shown,0,0,0,not shown,0,brown,not shown,not shown,not shown,0
128,https://www.musinsa.com/app/styles/views/29962?use_yn_360=&style_type=&brand=&model=&tag_no=&max_rt=&min_rt=&display_cnt=60&list_kind=big&sort=date&page=3,not shown,0,0,0,not shown,0,0,0,0,0,not shown,not shown,not shown,not shown,not shown
129,https://www.musinsa.com/app/styles/views/29961?use_yn_360=&style_type=&brand=&model=&tag_no=&max_rt=&min_rt=&display_cnt=60&list_kind=big&sort=date&page=3,not shown,0,0,0,not shown,not shown,0,0,not shown,0,not shown,not shown,grey,not shown,0
130,https://www.musinsa.com/app/styles/views/29960?use_yn_360=&style_type=&brand=&model=&tag_no=&max_rt=&min_rt=&display_cnt=60&list_kind=big&sort=date&page=3,beige,0,0,0,not shown,not shown,0,0,0,0,grey,not shown,not shown,not shown,brown
131,https://www.musinsa.com/app/styles/views/29959?use_yn_360=&style_type=&brand=&model=&tag_no=&max_rt=&min_rt=&display_cnt=60&list_kind=big&sort=date&page=3,not shown,0,0,0,not shown,0,0,0,not shown,0,not shown,not shown,not shown,not shown,0
132,https://www.musinsa.com/app/styles/views/29958?use_yn_360=&style_type=&brand=&model=&tag_no=&max_rt=&min_rt=&display_cnt=60&list_kind=big&sort=date&page=3,not shown,0,0,0,not shown,brown,0,0,0,0,not shown,brown,not shown,not shown,0
133,https://www.musinsa.com/app/styles/views/29957?use_yn_360=&style_type=&brand=&model=&tag_no=&max_rt=&min_rt=&display_cnt=60&list_kind=big&sort=date&page=3,not shown,0,0,0,not shown,0,0,0,0,0,not shown,not shown,not shown,not shown,not shown
134,https://www.musinsa.com/app/styles/views/29956?use_yn_360=&style_type=&brand=&model=&tag_no=&max_rt=&min_rt=&display_cnt=60&list_kind=big&sort=date&page=3,not shown,0,0,0,not shown,cream,0,0,0,0,not shown,not shown,not shown,not shown,0
135,https://www.musinsa.com/app/styles/views/29955?use_yn_360=&style_type=&brand=&model=&tag_no=&max_rt=&min_rt=&display_cnt=60&list_kind=big&sort=date&page=3,not shown,0,0,0,brown,0,0,0,0,0,0,beige,navy,0,0
136,https://www.musinsa.com/app/styles/views/29939?use_yn_360=&style_type=&brand=&model=&tag_no=&max_rt=&min_rt=&display_cnt=60&list_kind=big&sort=date&page=3,not shown,0,0,0,not shown,not shown,0,0,not shown,0,not shown,not shown,not shown,not shown,0
137,https://www.musinsa.com/app/styles/views/29938?use_yn_360=&style_type=&brand=&model=&tag_no=&max_rt=&min_rt=&display_cnt=60&list_kind=big&sort=date&page=3,not shown,not shown,0,0,not shown,0,0,0,not shown,0,not shown,not shown,not shown,0,0
138,https://www.musinsa.com/app/styles/views/29936?use_yn_360=&style_type=&brand=&model=&tag_no=&max_rt=&min_rt=&display_cnt=60&list_kind=big&sort=date&page=3,beige,0,0,0,not shown,not shown,0,0,not shown,0,not shown,not shown,0,0,0
139,https://www.musinsa.com/app/styles/views/29935?use_yn_360=&style_type=&brand=&model=&tag_no=&max_rt=&min_rt=&display_cnt=60&list_kind=big&sort=date&page=3,not shown,not shown,0,0,not shown,0,0,0,brown,0,0,not shown,not shown,not shown,0
140,https://www.musinsa.com/app/styles/views/29934?use_yn_360=&style_type=&brand=&model=&tag_no=&max_rt=&min_rt=&display_cnt=60&list_kind=big&sort=date&page=3,not shown,not shown,0,0,not shown,not shown,0,0,not shown,0,not shown,not shown,not shown,0,0
141,https://www.musinsa.com/app/styles/views/29933?use_yn_360=&style_type=&brand=&model=&tag_no=&max_rt=&min_rt=&display_cnt=60&list_kind=big&sort=date&page=3,not shown,not shown,0,0,brown,0,0,0,not shown,0,not shown,not shown,0,0,0
142,https://www.musinsa.com/app/styles/views/29932?use_yn_360=&style_type=&brand=&model=&tag_no=&max_rt=&min_rt=&display_cnt=60&list_kind=big&sort=date&page=3,brown,navy,0,0,not shown,0,0,0,not shown,0,not shown,not shown,not shown,0,0
143,https://www.musinsa.com/app/styles/views/29931?use_yn_360=&style_type=&brand=&model=&tag_no=&max_rt=&min_rt=&display_cnt=60&list_kind=big&sort=date&page=3,not shown,0,0,0,brown,0,0,0,beige,0,not shown,0,0,0,0
144,https://www.musinsa.com/app/styles/views/29930?use_yn_360=&style_type=&brand=&model=&tag_no=&max_rt=&min_rt=&display_cnt=60&list_kind=big&sort=date&page=3,not shown,0,0,0,not shown,not shown,0,0,not shown,0,not shown,not shown,0,0,0
145,https://www.musinsa.com/app/styles/views/29929?use_yn_360=&style_type=&brand=&model=&tag_no=&max_rt=&min_rt=&display_cnt=60&list_kind=big&sort=date&page=3,cream,0,0,0,not shown,0,0,0,beige,0,not shown,navy,brown,0,0
146,https://www.musinsa.com/app/styles/views/29928?use_yn_360=&style_type=&brand=&model=&tag_no=&max_rt=&min_rt=&display_cnt=60&list_kind=big&sort=date&page=3,not shown,0,0,0,not shown,not shown,0,0,not shown,0,not shown,not shown,not shown,not shown,0
147,https://www.musinsa.com/app/styles/views/29927?use_yn_360=&style_type=&brand=&model=&tag_no=&max_rt=&min_rt=&display_cnt=60&list_kind=big&sort=date&page=3,not shown,navy,0,0,not shown,0,0,0,not shown,0,not shown,not shown,0,0,0
148,https://www.musinsa.com/app/styles/views/29926?use_yn_360=&style_type=&brand=&model=&tag_no=&max_rt=&min_rt=&display_cnt=60&list_kind=big&sort=date&page=3,not shown,not shown,0,0,not shown,0,0,0,not shown,0,grey,not shown,grey,0,0
149,https://www.musinsa.com/app/styles/views/29925?use_yn_360=&style_type=&brand=&model=&tag_no=&max_rt=&min_rt=&display_cnt=60&list_kind=big&sort=date&page=3,not shown,0,0,0,not shown,beige,0,0,not shown,0,brown,not shown,not shown,0,0
150,https://www.musinsa.com/app/styles/views/29924?use_yn_360=&style_type=&brand=&model=&tag_no=&max_rt=&min_rt=&display_cnt=60&list_kind=big&sort=date&page=3,not shown,0,0,0,brown,not shown,0,0,not shown,0,not shown,not shown,not shown,0,0
151,https://www.musinsa.com/app/styles/views/29923?use_yn_360=&style_type=&brand=&model=&tag_no=&max_rt=&min_rt=&display_cnt=60&list_kind=big&sort=date&page=3,navy,brown,0,0,not shown,not shown,0,0,not shown,0,not shown,not shown,0,0,0
152,https://www.musinsa.com/app/styles/views/29922?use_yn_360=&style_type=&brand=&model=&tag_no=&max_rt=&min_rt=&display_cnt=60&list_kind=big&sort=date&page=3,beige,0,0,0,not shown,not shown,0,0,brown,0,brown,not shown,not shown,0,0
153,https://www.musinsa.com/app/styles/views/29921?use_yn_360=&style_type=&brand=&model=&tag_no=&max_rt=&min_rt=&display_cnt=60&list_kind=big&sort=date&page=3,not shown,0,0,0,not shown,not shown,0,0,not shown,0,not shown,not shown,not shown,0,0
154,https://www.musinsa.com/app/styles/views/29920?use_yn_360=&style_type=&brand=&model=&tag_no=&max_rt=&min_rt=&display_cnt=60&list_kind=big&sort=date&page=3,not shown,not shown,0,0,not shown,not shown,0,0,not shown,0,not shown,not shown,0,0,0
155,https://www.musinsa.com/app/styles/views/29919?use_yn_360=&style_type=&brand=&model=&tag_no=&max_rt=&min_rt=&display_cnt=60&list_kind=big&sort=date&page=3,grey,not shown,0,0,not shown,0,0,0,not shown,0,not shown,not shown,0,0,0
156,https://www.musinsa.com/app/styles/views/29954?use_yn_360=&style_type=&brand=&model=&tag_no=&max_rt=&min_rt=&display_cnt=60&list_kind=big&sort=date&page=3,brown,0,0,0,not shown,not shown,0,0,not shown,0,not shown,0,0,0,0
157,https://www.musinsa.com/app/styles/views/29953?use_yn_360=&style_type=&brand=&model=&tag_no=&max_rt=&min_rt=&display_cnt=60&list_kind=big&sort=date&page=3,not shown,0,0,0,not shown,0,0,0,not shown,0,not shown,not shown,0,0,0
158,https://www.musinsa.com/app/styles/views/29952?use_yn_360=&style_type=&brand=&model=&tag_no=&max_rt=&min_rt=&display_cnt=60&list_kind=big&sort=date&page=3,not shown,0,0,0,not shown,0,0,0,not shown,0,not shown,not shown,0,0,0
159,https://www.musinsa.com/app/styles/views/29951?use_yn_360=&style_type=&brand=&model=&tag_no=&max_rt=&min_rt=&display_cnt=60&list_kind=big&sort=date&page=3,not shown,0,0,0,not shown,not shown,0,0,not shown,0,beige,not shown,0,0,0
160,https://www.musinsa.com/app/styles/views/29950?use_yn_360=&style_type=&brand=&model=&tag_no=&max_rt=&min_rt=&display_cnt=60&list_kind=big&sort=date&page=3,not shown,not shown,0,0,not shown,0,0,0,not shown,0,not shown,navy,not shown,0,0
161,https://www.musinsa.com/app/styles/views/29949?use_yn_360=&style_type=&brand=&model=&tag_no=&max_rt=&min_rt=&display_cnt=60&list_kind=big&sort=date&page=3,not shown,not shown,0,0,not shown,0,0,0,not shown,0,not shown,not shown,not shown,0,0
162,https://www.musinsa.com/app/styles/views/29948?use_yn_360=&style_type=&brand=&model=&tag_no=&max_rt=&min_rt=&display_cnt=60&list_kind=big&sort=date&page=3,not shown,0,0,0,not shown,not shown,0,0,0,0,not shown,0,0,0,0
163,https://www.musinsa.com/app/styles/views/29947?use_yn_360=&style_type=&brand=&model=&tag_no=&max_rt=&min_rt=&display_cnt=60&list_kind=big&sort=date&page=3,not shown,not shown,0,0,not shown,0,0,0,not shown,0,not shown,not shown,not shown,0,0
164,https://www.musinsa.com/app/styles/views/29946?use_yn_360=&style_type=&brand=&model=&tag_no=&max_rt=&min_rt=&display_cnt=60&list_kind=big&sort=date&page=3,not shown,0,0,0,not shown,0,0,0,not shown,0,not shown,not shown,not shown,0,0
165,https://www.musinsa.com/app/styles/views/29945?use_yn_360=&style_type=&brand=&model=&tag_no=&max_rt=&min_rt=&display_cnt=60&list_kind=big&sort=date&page=3,not shown,not shown,0,0,not shown,0,0,0,not shown,0,not shown,not shown,0,0,0
166,https://www.musinsa.com/app/styles/views/29944?use_yn_360=&style_type=&brand=&model=&tag_no=&max_rt=&min_rt=&display_cnt=60&list_kind=big&sort=date&page=3,not shown,0,0,0,not shown,not shown,0,0,beige,0,not shown,not shown,not shown,0,0
167,https://www.musinsa.com/app/styles/views/29943?use_yn_360=&style_type=&brand=&model=&tag_no=&max_rt=&min_rt=&display_cnt=60&list_kind=big&sort=date&page=3,not shown,not shown,0,0,not shown,0,0,0,navy,0,not shown,not shown,not shown,0,0
168,https://www.musinsa.com/app/styles/views/29942?use_yn_360=&style_type=&brand=&model=&tag_no=&max_rt=&min_rt=&display_cnt=60&list_kind=big&sort=date&page=3,not shown,not shown,0,0,not shown,0,0,0,not shown,0,not shown,not shown,0,0,0
169,https://www.musinsa.com/app/styles/views/29941?use_yn_360=&style_type=&brand=&model=&tag_no=&max_rt=&min_rt=&display_cnt=60&list_kind=big&sort=date&page=3,brown,0,0,0,not shown,0,0,0,not shown,0,not shown,not shown,0,0,0
170,https://www.musinsa.com/app/styles/views/29940?use_yn_360=&style_type=&brand=&model=&tag_no=&max_rt=&min_rt=&display_cnt=60&list_kind=big&sort=date&page=3,not shown,0,0,0,not shown,0,0,0,not shown,0,not shown,not shown,0,0,0
171,https://www.musinsa.com/app/styles/views/29918?use_yn_360=&style_type=&brand=&model=&tag_no=&max_rt=&min_rt=&display_cnt=60&list_kind=big&sort=date&page=3,not shown,not shown,0,0,not shown,0,0,0,0,0,not shown,not shown,not shown,not shown,not shown
172,https://www.musinsa.com/app/styles/views/29917?use_yn_360=&style_type=&brand=&model=&tag_no=&max_rt=&min_rt=&display_cnt=60&list_kind=big&sort=date&page=3,not shown,0,0,0,not shown,0,0,0,not shown,0,0,mint,not shown,not shown,not shown
173,https://www.musinsa.com/app/styles/views/29916?use_yn_360=&style_type=&brand=&model=&tag_no=&max_rt=&min_rt=&display_cnt=60&list_kind=big&sort=date&page=3,not shown,not shown,0,0,not shown,0,0,0,0,0,not shown,not shown,not shown,not shown,brown
174,https://www.musinsa.com/app/styles/views/29915?use_yn_360=&style_type=&brand=&model=&tag_no=&max_rt=&min_rt=&display_cnt=60&list_kind=big&sort=date&page=3,not shown,not shown,0,0,0,0,0,0,0,0,not shown,not shown,not shown,not shown,not shown
175,https://www.musinsa.com/app/styles/views/29914?use_yn_360=&style_type=&brand=&model=&tag_no=&max_rt=&min_rt=&display_cnt=60&list_kind=big&sort=date&page=3,not shown,0,0,0,grey,not shown,0,0,0,0,not shown,not shown,not shown,not shown,not shown
176,https://www.musinsa.com/app/styles/views/29913?use_yn_360=&style_type=&brand=&model=&tag_no=&max_rt=&min_rt=&display_cnt=60&list_kind=big&sort=date&page=3,not shown,brown,0,0,0,0,0,0,0,0,not shown,beige,not shown,not shown,not shown
177,https://www.musinsa.com/app/styles/views/29912?use_yn_360=&style_type=&brand=&model=&tag_no=&max_rt=&min_rt=&display_cnt=60&list_kind=big&sort=date&page=3,not shown,not shown,0,0,not shown,0,0,0,not shown,0,0,not shown,not shown,not shown,0
178,https://www.musinsa.com/app/styles/views/29911?use_yn_360=&style_type=&brand=&model=&tag_no=&max_rt=&min_rt=&display_cnt=60&list_kind=big&sort=date&page=3,not shown,0,0,0,not shown,0,0,0,0,0,not shown,not shown,not shown,not shown,not shown
179,https://www.musinsa.com/app/styles/views/29910?use_yn_360=&style_type=&brand=&model=&tag_no=&max_rt=&min_rt=&display_cnt=60&list_kind=big&sort=date&page=3,mint,0,0,0,not shown,not shown,0,0,0,0,not shown,beige,not shown,not shown,not shown
